kind	period	file	head	commits	generated_at	event
daily	2026-08-20	DAILY__2026-08-20.md	b819c2b	0	2026-08-21T17:23:43Z
weekly	2026-W33	WEEKLY__2026-W33.md	66c0ddd	27	2026-08-21T17:25:39Z
daily	2026-08-21	DAILY__2026-08-21.md	20250f9	15	2026-08-21T21:24:25Z
daily	2026-08-22	DAILY__2026-08-22.md	cf6f265	3	2026-08-22T21:21:28Z
weekly	2026-W34	WEEKLY__2026-W34.md	3ce0505	21	2026-08-23T21:17:07Z
daily	2026-08-23	DAILY__2026-08-23.md	b205bb1	1	2026-08-23T21:21:18Z
daily	2026-08-24	DAILY__2026-08-24.md	427c4a3	0	2026-08-24T21:29:06Z
daily	2026-08-25	DAILY__2026-08-25.md	b151ff1	0	2026-08-25T21:28:35Z
daily	2026-08-25	DAILY__2026-08-25__4da821c.md	4da821c	1	2026-08-26T16:19:39Z
daily	2026-08-26	DAILY__2026-08-26__faef148.md	faef148	4	2026-08-27T07:47:08Z
daily	2026-08-26	DAILY__2026-08-26__50df535.md	50df535	4	2026-08-27T10:00:06Z
daily	2026-08-27	DAILY__2026-08-27__439fa86.md	439fa86	4	2026-08-27T10:02:00Z
daily	2026-08-26	DAILY__2026-08-26__d8b723f.md	d8b723f	4	2026-08-27T15:50:10Z	workflow_dispatch
daily	2026-08-27	DAILY__2026-08-27__b66151d.md	b66151d	7	2026-08-28T04:41:04Z	workflow_dispatch
daily	2026-08-27	DAILY__2026-08-27__f9f9b4e.md	f9f9b4e	7	2026-08-28T09:51:43Z	schedule
daily	2026-08-28	DAILY__2026-08-28__4ba98bf.md	4ba98bf	7	2026-08-29T05:51:49Z	schedule
daily	2026-08-29	DAILY__2026-08-29__c2a8f7a.md	c2a8f7a	6	2026-08-30T03:55:25Z	schedule
daily	2026-08-30	DAILY__2026-08-30__c1f06c7.md	c1f06c7	4	2026-08-31T03:58:35Z	schedule
weekly	2026-W35	WEEKLY__2026-W35__77326b2.md	77326b2	30	2026-08-31T04:44:19Z	schedule
daily	2026-08-31	DAILY__2026-08-31__95c7f2a.md	95c7f2a	18	2026-09-01T03:49:25Z	schedule
daily	2026-09-01	DAILY__2026-09-01__2356ba9.md	2356ba9	12	2026-09-02T03:08:50Z	schedule
daily	2026-09-02	DAILY__2026-09-02__bdc6ea2.md	bdc6ea2	12	2026-09-03T03:11:24Z	schedule
daily	2026-09-03	DAILY__2026-09-03__8229f49.md	8229f49	6	2026-09-04T03:09:54Z	schedule
daily	2026-09-04	DAILY__2026-09-04__1578ca2.md	1578ca2	4	2026-09-05T03:12:09Z	schedule
daily	2026-09-05	DAILY__2026-09-05__ebb4451.md	ebb4451	5	2026-09-06T03:12:08Z	schedule
daily	2026-09-06	DAILY__2026-09-06__13d8b21.md	13d8b21	4	2026-09-07T03:10:06Z	schedule
weekly	2026-W36	WEEKLY__2026-W36__8f722c2.md	8f722c2	61	2026-09-07T03:49:22Z	schedule
daily	2026-09-07	DAILY__2026-09-07__9b8cb27.md	9b8cb27	2	2026-09-08T03:18:40Z	schedule
daily	2026-09-08	DAILY__2026-09-08__d9110f8.md	d9110f8	10	2026-09-09T03:21:50Z	schedule
daily	2026-09-09	DAILY__2026-09-09__7a3bf90.md	7a3bf90	3	2026-09-10T03:20:36Z	schedule
daily	2026-09-10	DAILY__2026-09-10__78c8f4c.md	78c8f4c	1	2026-09-11T03:16:54Z	schedule
daily	2026-09-11	DAILY__2026-09-11__e9ebb1b.md	e9ebb1b	2	2026-09-12T03:22:09Z	schedule
daily	2026-09-12	DAILY__2026-09-12__8d1a975.md	8d1a975	1	2026-09-13T03:27:35Z	schedule
daily	2026-09-13	DAILY__2026-09-13__fb2641d.md	fb2641d	4	2026-09-14T03:38:08Z	schedule
weekly	2026-W37	WEEKLY__2026-W37__a052440.md	a052440	23	2026-09-14T04:13:17Z	schedule
daily	2026-09-14	DAILY__2026-09-14__64b1bf7.md	64b1bf7	9	2026-09-15T03:39:07Z	schedule
daily	2026-09-15	DAILY__2026-09-15__9c518f9.md	9c518f9	3	2026-09-16T03:35:59Z	schedule
daily	2026-09-16	DAILY__2026-09-16__4d5e5d1.md	4d5e5d1	15	2026-09-17T03:40:56Z	schedule
daily	2026-09-17	DAILY__2026-09-17__b80c597.md	b80c597	30	2026-09-18T03:27:00Z	schedule
daily	2026-09-18	DAILY__2026-09-18__c188b72.md	c188b72	2	2026-09-19T03:23:33Z	schedule
daily	2026-09-19	DAILY__2026-09-19__39710c6.md	39710c6	7	2026-09-20T03:40:22Z	schedule
daily	2026-09-20	DAILY__2026-09-20__e67a6ee.md	e67a6ee	6	2026-09-21T03:35:32Z	schedule
weekly	2026-W38	WEEKLY__2026-W38__b44bbc0.md	b44bbc0	73	2026-09-21T04:13:04Z	schedule
daily	2026-09-21	DAILY__2026-09-21__d978535.md	d978535	5	2026-09-22T03:34:18Z	schedule
daily	2026-09-22	DAILY__2026-09-22__c99c0d3.md	c99c0d3	10	2026-09-23T03:34:26Z	schedule
